Baby-PQ,Home & Garden > Household Supplies > Laundry Supplies > Laundry Detergent
Delicate-PQ,Home & Garden > Household Supplies > Laundry Supplies > Laundry Detergent
Denim-PQ,Home & Garden > Household Supplies > Laundry Supplies > Laundry Detergent
Stain-Solution,Home & Garden > Household Supplies > Laundry Supplies > Fabric Stain Removers
Delicate-Spray,Home & Garden > Household Supplies > Laundry Supplies > Fabric Refreshers
Baby-Fresh,Home & Garden > Household Supplies > Laundry Supplies > Fabric Refreshers
A-065,Home & Garden > Household Supplies > Pest Control > Repellents > Household Insect Repellents
Sport-Spray,Home & Garden > Household Supplies > Laundry Supplies > Fabric Refreshers
A-028,Home & Garden > Household Supplies > Laundry Supplies > Fabric Stain Removers
Sh-01,Luggage & Bags > Shopping Totes
Cedar-Spray,Home & Garden > Household Supplies > Laundry Supplies > Fabric Refreshers
BB-008,Home & Garden > Household Supplies > Laundry Supplies > Fabric Softeners & Dryer Sheets
BS-008,Home & Garden > Household Supplies > Laundry Supplies > Fabric Softeners & Dryer Sheets
BSoap-01,Health & Beauty > Personal Care > Cosmetics > Bath & Body > Liquid Hand Soap
BS-009,Home & Garden > Household Supplies > Laundry Appliance Accessories > Iron Accessories
BS-020,Home & Garden > Household Supplies > Laundry Supplies > Fabric Stain Removers
BL-005,Home & Garden > Household Supplies > Laundry Supplies > Laundry Detergent
BS-019,Home & Garden > Household Supplies > Laundry Supplies > Laundry Detergent
BS-021,Home & Garden > Household Supplies > Laundry Supplies > Laundry Detergent
BC-006,Home & Garden > Household Supplies > Laundry Supplies > Laundry Detergent
Cleaning-Concentrate,Home & Garden > Household Supplies > Household Cleaning Supplies > Household Cleaning Products > All-Purpose Cleaners
Dish-Detergent,Home & Garden > Household Supplies > Household Cleaning Supplies > Household Cleaning Products > Dish Detergent & Soap
Glass-Cleaner,Home & Garden > Household Supplies > Household Cleaning Supplies > Household Cleaning Products > Glass & Surface Cleaners
A-064,Home & Garden > Linens & Bedding > Towels > Kitchen Towels
Scented-Vinegar,Home & Garden > Household Supplies > Household Cleaning Supplies > Household Cleaning Products > All-Purpose Cleaners
Surface-Cleaner,Home & Garden > Household Supplies > Household Cleaning Supplies > Household Cleaning Products > Glass & Surface Cleaners
BCream-01,Personal Care > Cosmetics > Lotion & Moisturizer
BL-013,Home & Garden > Household Supplies > Laundry Supplies > Fabric Refreshers
BB-012,Home & Garden > Household Supplies > Laundry Supplies > Fabric Refreshers
BSMS-021,Home & Garden > Household Supplies > Laundry Supplies > Fabric Refreshers
BC-014,Home & Garden > Household Supplies > Laundry Supplies > Fabric Refreshers
BS-004,Home & Garden > Household Supplies > Laundry Supplies > Laundry Detergent
BS-003,Home & Garden > Household Supplies > Laundry Supplies > Laundry Detergent
BS-001,Home & Garden > Household Supplies > Laundry Supplies > Laundry Detergent
BS-002,Home & Garden > Household Supplies > Laundry Supplies > Laundry Detergent
Bleach-Alternative,Home & Garden > Household Supplies > Laundry Supplies > Bleach
A-023,Home & Garden > Household Supplies > Laundry Supplies >  Washing Bags & Baskets
A-032,Home & Garden > Household Supplies > Household Cleaning Supplies > Scrub Brushes
A-075,Home & Garden > Household Supplies > Household Cleaning Supplies > Sponges & Scouring Pads
A-038,Home & Garden > Household Supplies > Household Cleaning Supplies > Scrub Brushes
Stiffen-Up,Home & Garden > Household Supplies > Laundry Supplies > Fabric Starch
A-029,Home & Garden > Household Supplies > Storage & Organization > Household Storage Bags
A-029-M,Home & Garden > Household Supplies > Storage & Organization > Household Storage Bags
Baby-Conditioner,Home & Garden > Household Supplies > Laundry Supplies > Fabric Softeners & Dryer Sheets
Classic-Conditioner,Home & Garden > Household Supplies > Laundry Supplies > Fabric Softeners & Dryer Sheets
Soap-01,Health & Beauty > Personal Care > Cosmetics > Bath & Body > Liquid Hand Soap
A-001,Home & Garden > Household Supplies > Storage & Organization > Household Storage Bags
A-001-M,Home & Garden > Household Supplies > Storage & Organization > Household Storage Bags
Ironing-Water,Home & Garden > Household Supplies > Laundry Appliance Accessories > Iron Accessories
DS-02,Home & Garden > Household Supplies > Drawer & Shelf Liners
DS-04,Home & Garden > Household Supplies > Drawer & Shelf Liners
DS-01,Home & Garden > Household Supplies > Drawer & Shelf Liners
DS-03,Home & Garden > Household Supplies > Drawer & Shelf Liners
A-080,Home & Garden > Household Supplies > Laundry Supplies
A-022,Home & Garden > Household Supplies > Laundry Supplies
Delicate-Wash,Home & Garden > Household Supplies > Laundry Supplies > Laundry Detergent
Denim-Wash,Home & Garden > Household Supplies > Laundry Supplies > Laundry Detergent
Unscented-Detergent,Home & Garden > Household Supplies > Laundry Supplies > Laundry Detergent
Sport-Detergent,Home & Garden > Household Supplies > Laundry Supplies > Laundry Detergent
Cashmere-Shampoo,Home & Garden > Household Supplies > Laundry Supplies > Laundry Detergent
Cream-01,Personal Care > Cosmetics > Lotion & Moisturizer
A-030,Home & Garden > Household Supplies > Household Cleaning Supplies
A-030-M,Home & Garden > Household Supplies > Household Cleaning Supplies
Baby-Detergent,Home & Garden > Household Supplies > Laundry Supplies > Laundry Detergent
Darks-Detergent,Home & Garden > Household Supplies > Laundry Supplies > Laundry Detergent
Signature-Detergent,Home & Garden > Household Supplies > Laundry Supplies > Laundry Detergent
Whites-Detergent,Home & Garden > Household Supplies > Laundry Supplies > Laundry Detergent
A-056,Home & Garden > Household Appliances > Laundry Appliances > Garment Steamer
DUOH02-5,Home & Garden > Household Supplies > Household Cleaning Supplies > Household Cleaning Products > Dish Detergent & Soap
DUOH01-4,Home & Garden > Household Supplies > Household Cleaning Supplies > Household Cleaning Products > All-Purpose Cleaners
DUOH01-2,Home & Garden > Household Supplies > Household Cleaning Supplies > Household Cleaning Products > All-Purpose Cleaners
DUOLL,Home & Garden > Household Supplies > Laundry Supplies > Laundry Detergent
SPDuo,Home & Garden > Household Supplies > Laundry Supplies > Laundry Detergent
DUOCC,Home & Garden > Household Supplies > Laundry Supplies > Laundry Detergent
A-021,Home & Garden > Household Supplies > Laundry Supplies > Ironing Board Pads & Covers
DUOBB,Home & Garden > Household Supplies > Laundry Supplies > Laundry Detergent
DUOS01608,Home & Garden > Household Supplies > Laundry Supplies > Wrinkle Release & Static Sprays
DUODNFF,Home & Garden > Household Supplies > Laundry Supplies > Laundry Detergent
Whduo,Home & Garden > Household Supplies > Laundry Supplies > Laundry Detergent
AB-013,Luggage & Bags > Cosmetic & Toiletry Bags
Hwcr-01xxx,Health & Beauty > Personal Care > Cosmetics > Bath & Body > Liquid Hand Soap
A-087,Home & Garden > Household Supplies > Laundry Supplies
DuoBF,Home & Garden > Household Supplies > Laundry Supplies > Laundry Detergent
DuoDF,Home & Garden > Household Supplies > Laundry Supplies > Laundry Detergent
DuoSF,Home & Garden > Household Supplies > Laundry Supplies > Laundry Detergent
DuoWF,Home & Garden > Household Supplies > Laundry Supplies > Laundry Detergent
CandleCedar,Home & Garden > Décor > Candles
CandleLady,Home & Garden > Décor > Candles
Candle247,Home & Garden > Décor > Candles
OS-001xxx,Home & Garden > Household Supplies > Laundry Supplies
labo-rose,Home & Garden > Household Supplies > Laundry Supplies > Laundry Detergent
Labo-Santal,Home & Garden > Household Supplies > Laundry Supplies > Laundry Detergent
TRKIT-001xxx,Home & Garden > Household Supplies > Laundry Supplies
Home-Spray,Home & Garden > Decor > Home Fragrances > Air Refreshers
B-00,Home & Garden > Household Supplies > Laundry Supplies > Fabric Stain Removers
gset-candle,Home & Garden > Décor > Candles
A-036,Home & Garden > Household Supplies > Laundry Supplies
A-037,Home & Garden > Household Supplies > Laundry Supplies
A-035,Home & Garden > Household Supplies > Household Cleaning Supplies > Dusters
bh-06,Home & Garden > Decor > Home Fragrances > Air Refreshers
A-039,Home & Garden > Household Supplies > Household Cleaning Supplies > Brooms
A-077,Home & Garden > Household Supplies > Laundry Supplies
A-073,Home & Garden > Household Supplies > Household Cleaning Supplies > Dusters
bh-04,Home & Garden > Household Supplies > Household Cleaning Supplies > Household Cleaning Products > All-Purpose Cleaners
BH-05,Home & Garden > Household Supplies > Household Cleaning Supplies > Household Cleaning Products > Dish Detergent & Soap
bh-07,Home & Garden > Household Supplies > Household Cleaning Supplies > Household Cleaning Products > Glass & Surface Cleaners
BH-02,Home & Garden > Household Supplies > Household Cleaning Supplies > Household Cleaning Products > All-Purpose Cleaners
SMS-014,Home & Garden > Household Supplies > Laundry Supplies > Wrinkle Release & Static Sprays
SML-005,Home & Garden > Household Supplies > Laundry Supplies > Laundry Detergent
Classic-Fresh,Home & Garden > Household Supplies > Laundry Supplies > Fabric Refreshers
SMS-010,Home & Garden > Household Supplies > Laundry Supplies > Fabric Refreshers
H-08,Health & Beauty > Personal Care > Cosmetics > Bath & Body > Bar Soap
SMS-017,Home & Garden > Household Supplies > Laundry Supplies > Fabric Stain Removers
SMS-015,Home & Garden > Household Supplies > Laundry Supplies > Wrinkle Release & Static Sprays
SMC-006,Home & Garden > Household Supplies > Laundry Supplies > Laundry Detergent
K-15,Home & Garden > Household Supplies > Laundry Supplies
duolelabo,Home & Garden > Household Supplies > Laundry Supplies > Laundry Detergent
BH-01,Home & Garden > Household Supplies > Laundry Supplies > Bleach
BS-010,Home & Garden > Household Supplies > Laundry Supplies > Fabric Refreshers
BS-016,Home & Garden > Household Supplies > Laundry Supplies > Fabric Starch