Allergens,About Our Products
Animals & Animal Cruelty ,About Our Products
Dosage,About Our Products
Detergent Selection,About Our Products
Eco-friendly,About Our Products
Fragrance & Essential Oils,About Our Products
Gluten-Free & Nuts ,About Our Products
HE Efficient & Machine Safety ,About Our Products
Ingredients ,About Our Products
SLS vs. SLES,About Our Products
Water Type ,About Our Products
Christening Gowns,Antique & Vintage Items
Fur & Fur Trim,Antique & Vintage Items
Lace,Antique & Vintage Items
Table linens,Antique & Vintage Items
Vintage Clothing,Antique & Vintage Items
Yellowing Garments,Antique & Vintage Items
Allergens,Baby
Formula,Baby
Poop & Urine,Baby
Safe,Baby
Sensitive Skin,Baby
Throw Up,Baby
Toys & Crafts,Baby
Bleach,"Bedding, Sheets & Towels"
Dinginess & Yellowing,"Bedding, Sheets & Towels"
Sheets & Towels,"Bedding, Sheets & Towels"
Stains,"Bedding, Sheets & Towels"
Static,"Bedding, Sheets & Towels"
Bed Bugs,Bug & Moth
Moth Attack,Bug & Moth
Moth Balls ,Bug & Moth
Moth Prevention,Bug & Moth
Repairing Moth Holes ,Bug & Moth
Silverfish,Bug & Moth
Storage,Bug & Moth
Dress Shirts,Cotton & Linen
Dry Clean,Cotton & Linen
Shrinkage ,Cotton & Linen
Stains,Cotton & Linen
T-Shirts,Cotton & Linen
Washing Linen,Cotton & Linen
Yellowing,Cotton & Linen
"Drapes, Curtains & Shears","Curtains, Pillows, Upholstery & Carpets"
Carpets,"Curtains, Pillows, Upholstery & Carpets"
Pet Messes,"Curtains, Pillows, Upholstery & Carpets"
Pillows,"Curtains, Pillows, Upholstery & Carpets"
Rugs ,"Curtains, Pillows, Upholstery & Carpets"
Slip Covers,"Curtains, Pillows, Upholstery & Carpets"
Upholstered Furniture,"Curtains, Pillows, Upholstery & Carpets"
Bras,Delicates
Lace,Delicates
Lingerie,Delicates
Scarves,Delicates
Coated Denim ,Denim
Distressed Denim,Denim
Dry Cleaning,Denim
Dye ,Denim
Fading,Denim
Raw Denim,Denim
Repair & Alterations,Denim
Stains,Denim
White Denim,Denim
Lint Brushes,Depilling  & Lint Removal
Pet Hair,Depilling  & Lint Removal
Prevent Pills,Depilling  & Lint Removal
Remove Pills ,Depilling  & Lint Removal
Sweater Stone vs. Sweater Comb,Depilling  & Lint Removal
Jackets,Down
Blankets,Down
Duvets,Down
Pillows,Down
Dry Clean vs. Dry Clean Only,Dry Clean
Laundering vs. Dry Cleaning,Dry Clean
Odor,Dry Clean
Stains,Dry Clean
Washing After Dry Cleaning,Dry Clean
Do Not Dry,Drying
Drying Racks,Drying
Dryer Sheets,Drying
Line Drying,Drying
Shrinking,Drying
Bleach,Everyday Laundering
Color Loss,Everyday Laundering
Detergent,Everyday Laundering
Hard Water,Everyday Laundering
Stain Removal ,Everyday Laundering
Septic ,Everyday Laundering
Water Temperature ,Everyday Laundering
Ironing,Finishing & Pressing
Pleats ,Finishing & Pressing
Scorching & Shining,Finishing & Pressing
Starch,Finishing & Pressing
Steaming,Finishing & Pressing
Color Bleeding,Hand Washing
How To Hand Wash,Hand Washing
Should I Hand Wash?,Hand Washing
What Should I Use?,Hand Washing
Drawer Liners,Laundry Equipment
Dress Shields,Laundry Equipment
Drying Rack,Laundry Equipment
Garment Bags,Laundry Equipment
Hangers,Laundry Equipment
Iron,Laundry Equipment
Ironing Board,Laundry Equipment
Machine Odor,Laundry Equipment
Steamer,Laundry Equipment
Wash Basin,Laundry Equipment
Washer & Dryer,Laundry Equipment
Dye Transfer,Leather & Leather Trim
Leather Trim,Leather & Leather Trim
Stains,Leather & Leather Trim
Suede,Leather & Leather Trim
Washing Leather,Leather & Leather Trim
Clothing,Mold & Mildew
Furniture ,Mold & Mildew
Storage,Mold & Mildew
Burberry Trench,Raincoats & Outerwear
Dye Transfer & Contrast Lining ,Raincoats & Outerwear
Down Jackets,Raincoats & Outerwear
Fur Trim,Raincoats & Outerwear
Leather Trim,Raincoats & Outerwear
Raincoats ,Raincoats & Outerwear
Wool Coats,Raincoats & Outerwear
Acetate,Silks and Synthetics
Acrylic,Silks and Synthetics
Lycra,Silks and Synthetics
Lyocell,Silks and Synthetics
Model,Silks and Synthetics
Rayon,Silks and Synthetics
Silk,Silks and Synthetics
Spandex,Silks and Synthetics
Viscose ,Silks and Synthetics
Golf Shirts,Sportswear & Swimwear
Hockey Equipment,Sportswear & Swimwear
Odor,Sportswear & Swimwear
Performance Fabrics ,Sportswear & Swimwear
Sweat,Sportswear & Swimwear
Sun Screen,Sportswear & Swimwear
Swim Suits ,Sportswear & Swimwear
Armpit,Stains
Blood,Stains
Chocolate,Stains
Dye Transfer,Stains
Grass ,Stains
Grease,Stains
Gum,Stains
Ink,Stains
Makeup ,Stains
Nail Polish,Stains
Oil,Stains
Ring Around The Collar ,Stains
Rust ,Stains
Tree Sap,Stains
Wax,Stains
Wine,Stains
Dry Cleaning,Suits & Blazers
Lining,Suits & Blazers
Odor,Suits & Blazers
Stains,Suits & Blazers
Steaming ,Suits & Blazers
Washing,Suits & Blazers
Can I Wash?,Tablecloths & Napkins
Lace,Tablecloths & Napkins
Stains,Tablecloths & Napkins
Vintage,Tablecloths & Napkins
Wax,Tablecloths & Napkins
Bleach,Whites
Fading ,Whites
Pit Stains,Whites
Sheets,Whites
T-Shirts,Whites
Towels,Whites
Yellowing & Greying,Whites
"Alpaca, Angora & Camel Hair ",Wool & Cashmere
Cashmere,Wool & Cashmere
Dry Clean,Wool & Cashmere
How To Wash,Wool & Cashmere
Itchy Sweaters,Wool & Cashmere
Merino & Mohair,Wool & Cashmere
Odor,Wool & Cashmere
Pashmina,Wool & Cashmere
Pills,Wool & Cashmere
Repair & Alterations,Wool & Cashmere
Sheep,Wool & Cashmere
Shrinking,Wool & Cashmere
Silk & Wool Blends,Wool & Cashmere
Stains,Wool & Cashmere
Stiff Cashmere,Wool & Cashmere
Cleaning ,Wedding & Evening Wear
Deodorant ,Wedding & Evening Wear
Makeup & Self Tanner ,Wedding & Evening Wear
Preserve & Store,Wedding & Evening Wear
Stains ,Wedding & Evening Wear
