http://www.thelaundress.com/AboutUs/about-us.asp;http://thelaund.nextmp.net/our-story/
http://www.thelaundress.com/AboutUs/about-us.asp;http://thelaund.nextmp.net/our-story/
http://www.thelaundress.com/AboutUs/meet-founders.asp;http://thelaund.nextmp.net/our-story/#meet-the-founders
http://www.thelaundress.com/AboutUs/why-the-Laundress.asp;http://thelaund.nextmp.net/our-story/#why-the-laundress
http://www.thelaundress.com/AboutUs/price_compare.asp;http://thelaund.nextmp.net/our-story/#why-the-laundress
http://www.thelaundressny.blogspot.com/;http://thelaund.nextmp.net/blog/
http://blog.thelaundress.com/wordpress/;http://thelaund.nextmp.net/blog/
No Link;http://thelaund.nextmp.net/blog/category/as-seen-in/
http://www.thelaundress.com/AboutUs/recent-press.asp;http://thelaund.nextmp.net/blog/category/news/press/
http://www.thelaundress.com/AboutUs/press-downloads.asp;http://thelaund.nextmp.net/customer-service/contact-us
http://www.thelaundress.com/AboutUs/we-support.asp;http://thelaund.nextmp.net/blog/category/favorite-things/friends-of-the-laundress/
http://www.thelaundress.com/AboutUs/enthusiasts.asp;http://thelaund.nextmp.net/blog/recommended-resources-services/
http://www.thelaundress.com/AboutUs/testimonials.asp;http://thelaund.nextmp.net/blog/category/washing-with-the-laundress/ask-the-laundress/
