http://www.thelaundress.com/LaundryTips/PDFs/washingChart.pdf;http://thelaund.nextmp.net/blog/category/ask-the-laundress/can-it-be-washed
http://www.thelaundress.com/LaundryTips/fabricGlossary.asp;http://thelaund.nextmp.net/blog/byfabric/
http://www.thelaundress.com/LaundryTips/recipes.asp;http://thelaund.nextmp.net/blog/#
http://www.thelaundress.com/LaundryTips/cashmere.asp;http://thelaund.nextmp.net/blog/?s=recipe+washing+wool
http://www.thelaundress.com/LaundryTips/pits.asp;http://thelaund.nextmp.net/blog/?s=recipe+stain+removal
http://www.thelaundress.com/LaundryTips/denim.asp;http://thelaund.nextmp.net/blog/?s=recipe+denim
http://www.thelaundress.com/LaundryTips/washingDelicates.asp;http://thelaund.nextmp.net/blog/?s=recipe+silk
http://www.thelaundress.com/LaundryTips/babyChildrens.asp;http://thelaund.nextmp.net/blog/?s=recipe+baby
http://www.thelaundress.com/LaundryTips/caringForDarks.asp;http://thelaund.nextmp.net/blog/?s=recipe+darks
http://www.thelaundress.com/LaundryTips/vinegarRecipe.asp;http://thelaund.nextmp.net/blog/project/tips-tricks-for-cleaning-with-vinegar/
http://www.thelaundress.com/LaundryTips/conserveEnergyTips.asp;http://thelaund.nextmp.net/blog/project/tips-tricks-for-conserving-energy/
http://www.thelaundress.com/LaundryTips/mothPrevention.asp;http://thelaund.nextmp.net/blog/project/moth-silverfish-bug-prevention-plus-post-moth-care/
http://www.thelaundress.com/LaundryTips/machineMaintenance.asp;http://thelaund.nextmp.net/blog/project/tips-tricks-for-machine-maintenance/
http://www.thelaundress.com/LaundryTips/caringForDressShirts.asp;http://thelaund.nextmp.net/blog/project/recipe-for-laundering-dress-shirts/
http://www.thelaundress.com/LaundryTips/Storage.asp;http://thelaund.nextmp.net/blog/project/tipstricks-for-seasonal-storage/
http://www.thelaundress.com/LaundryTips/activewear.asp;http://thelaund.nextmp.net/blog/project/recipe-for-washing-sportswear/
http://www.thelaundress.com/LaundryTips/swimwear.asp;http://thelaund.nextmp.net/blog/project/recipe-for-washing-swimwear/
http://www.thelaundress.com/LaundryTips/blazersSuits.asp;http://thelaund.nextmp.net/blog/project/recipe-for-washing-suits-blazers/
http://www.thelaundress.com/LaundryTips/moldRemoval.asp;http://thelaund.nextmp.net/blog/project/tipstricks-for-dealing-with-mildew-mold/
http://www.thelaundress.com/LaundryTips/askTheLaundress.asp;http://thelaund.nextmp.net/blog/category/washing-with-the-laundress/ask-the-laundress/
http://www.thelaundress.com/LaundryTips/referAFriend.asp;
http://www.thelaundress.com/LaundryTips/PDFs/SpanishRecipes.pdf;
http://www.thelaundress.com/LaundryTips/PDFs/FrenchRecipes.pdf;

