http://www.thelaundress.com/AboutUs/recent-press.asp;
http://www.thelaundress.com/AboutUs/about-us.asp;http://thelaund.nextmp.net/our-story/
http://www.thelaundress.com/AboutUs/meet-founders.asp;http://thelaund.nextmp.net/our-story/#meet-the-founders
http://www.thelaundress.com/AboutUs/why-the-Laundress.asp;http://thelaund.nextmp.net/our-story/#why-the-laundress
http://www.thelaundress.com/AboutUs/price_compare.asp;
http://www.thelaundressny.blogspot.com/;http://thelaund.nextmp.net/blog/
No Link;http://thelaund.nextmp.net/blog/category/as-seen-in/
http://www.thelaundress.com/AboutUs/recent-press.asp;
http://www.thelaundress.com/AboutUs/press-downloads.asp;
http://www.thelaundress.com/AboutUs/we-support.asp;
http://www.thelaundress.com/AboutUs/enthusiasts.asp;
http://www.thelaundress.com/AboutUs/testimonials.asp;
