http://store.thelaundress.com/merchant.mvc?Screen=CTGY&Category_Code=handWashingService;http://thelaund.nextmp.net/washing-service
;
http://store.thelaundress.com/merchant.mvc?Screen=CTGY&Category_Code=1-DET;http://thelaund.nextmp.net/laundry-fabric-care
http://store.thelaundress.com/merchant.mvc?Screen=CTGY&Category_Code=100sigDet;http://thelaund.nextmp.net/laundry-fabric-care/detergents-fabric-care/signature-detergent
http://store.thelaundress.com/merchant.mvc?Screen=CTGY&Category_Code=sigDetUnscented;http://thelaund.nextmp.net/laundry-fabric-care/detergents-fabric-care/signature-detergent-unscented
http://store.thelaundress.com/merchant.mvc?Screen=CTGY&Category_Code=105whitesDet;http://thelaund.nextmp.net/laundry-fabric-care/detergents-fabric-care/whites-detergent
http://store.thelaundress.com/merchant.mvc?Screen=CTGY&Category_Code=115darksDet;http://thelaund.nextmp.net/laundry-fabric-care/detergents-fabric-care/darks-detergent
http://store.thelaundress.com/merchant.mvc?Screen=CTGY&Category_Code=120babyDet;http://thelaund.nextmp.net/laundry-fabric-care/detergents-fabric-care/baby-detergent
http://store.thelaundress.com/merchant.mvc?Screen=CTGY&Category_Code=125delWash;http://thelaund.nextmp.net/laundry-fabric-care/detergents-fabric-care/delicate-wash
http://store.thelaundress.com/merchant.mvc?Screen=CTGY&Category_Code=130swimwearCare;http://thelaund.nextmp.net/laundry-fabric-care/detergents-fabric-care/sport-detergent
http://store.thelaundress.com/merchant.mvc?Screen=CTGY&Category_Code=135woolCash;http://thelaund.nextmp.net/laundry-fabric-care/detergents-fabric-care/wool-cashmere-shampoo
http://store.thelaundress.com/merchant.mvc?Screen=CTGY&Category_Code=145denimWash;http://thelaund.nextmp.net/laundry-fabric-care/detergents-fabric-care/denim-wash
http://store.thelaundress.com/merchant.mvc?Screen=CTGY&Category_Code=200fabConditioner;http://thelaund.nextmp.net/laundry-fabric-care/detergents-fabric-care/fabric-conditioner-classic
http://store.thelaundress.com/merchant.mvc?Screen=CTGY&Category_Code=205ironWater;http://thelaund.nextmp.net/laundry-fabric-care/detergents-fabric-care/ironing-water
http://store.thelaundress.com/merchant.mvc?Screen=CTGY&Category_Code=210fabFresh;http://thelaund.nextmp.net/laundry-fabric-care/detergents-fabric-care/fabric-fresh-classic
http://store.thelaundress.com/merchant.mvc?Screen=CTGY&Category_Code=215creaseRelease;http://thelaund.nextmp.net/laundry-fabric-care/detergents-fabric-care/crease-release
http://store.thelaundress.com/merchant.mvc?Screen=CTGY&Category_Code=220staticSol;http://thelaund.nextmp.net/laundry-fabric-care/detergents-fabric-care/static-solution
http://store.thelaundress.com/merchant.mvc?Screen=CTGY&Category_Code=225stiffenUp;http://thelaund.nextmp.net/laundry-fabric-care/detergents-fabric-care/stiffen-up
http://store.thelaundress.com/merchant.mvc?Screen=CTGY&Category_Code=230stainSol;http://thelaund.nextmp.net/laundry-fabric-care/detergents-fabric-care/stain-solution
http://store.thelaundress.com/merchant.mvc?Screen=CTGY&Category_Code=235babyFabCond;http://thelaund.nextmp.net/laundry-fabric-care/detergents-fabric-care/conditioner-baby
http://store.thelaundress.com/merchant.mvc?Screen=CTGY&Category_Code=LeLaboRose31SigDet;http://thelaund.nextmp.net/laundry-fabric-care/detergents-fabric-care/labo-rose
http://store.thelaundress.com/merchant.mvc?Screen=CTGY&Category_Code=sportDet;http://thelaund.nextmp.net/laundry-fabric-care/detergents-fabric-care/sport-detergent
http://store.thelaundress.com/merchant.mvc?Screen=CTGY&Category_Code=sportSpray;http://thelaund.nextmp.net/laundry-fabric-care/detergents-fabric-care/sport-spray
http://store.thelaundress.com/merchant.mvc?Screen=CTGY&Category_Code=WCSpray;http://thelaund.nextmp.net/laundry-fabric-care/detergents-fabric-care/wool-cashmere-spray
http://store.thelaundress.com/merchant.mvc?Screen=CTGY&Category_Code=wash;http://thelaund.nextmp.net/laundry-fabric-care/detergents-fabric-care/wash-stain-bar
http://store.thelaundress.com/merchant.mvc?Screen=CTGY&Category_Code=Detbleach;http://thelaund.nextmp.net/laundry-fabric-care/detergents-fabric-care/bleach-alternative
http://store.thelaundress.com/merchant.mvc?Screen=CTGY&Category_Code=labosantal;http://thelaund.nextmp.net/laundry-fabric-care/detergents-fabric-care/labo-santal
http://store.thelaundress.com/merchant.mvc?Screen=CTGY&Category_Code=ffbaby;http://thelaund.nextmp.net/laundry-fabric-care/detergents-fabric-care/fabric-fresh-baby
http://store.thelaundress.com/merchant.mvc?Screen=CTGY&Category_Code=delspray;http://thelaund.nextmp.net/laundry-fabric-care/detergents-fabric-care/delicate-spray
;
http://store.thelaundress.com/merchant.mvc?Screen=CTGY&Category_Code=3-ACC;http://thelaund.nextmp.net/laundry-fabric-care/bags-tools
http://store.thelaundress.com/merchant.mvc?Screen=CTGY&Category_Code=415apresCream;http://thelaund.nextmp.net/apres-laundry-cream
http://store.thelaundress.com/merchant.mvc?Screen=CTGY&Category_Code=handSoapLR;http://thelaund.nextmp.net/hand-soap
http://store.thelaundress.com/merchant.mvc?Screen=CTGY&Category_Code=soapAndApresLR;http://thelaund.nextmp.net/cream-soap-duo
http://store.thelaundress.com/merchant.mvc?Screen=CTGY&Category_Code=STONE-ACC;http://thelaund.nextmp.net/laundry-fabric-care/bags-tools/sweater-stone
http://store.thelaundress.com/merchant.mvc?Screen=CTGY&Category_Code=IBAcc;http://thelaund.nextmp.net/ironing-board-cover
http://store.thelaundress.com/merchant.mvc?Screen=CTGY&Category_Code=365MeshWashingAC;http://thelaund.nextmp.net/laundry-fabric-care/bags-tools/mesh-bags
http://store.thelaundress.com/merchant.mvc?Screen=CTGY&Category_Code=brushACC;http://thelaund.nextmp.net/laundry-fabric-care/bags-tools/stain-brush
http://store.thelaundress.com/merchant.mvc?Screen=CTGY&Category_Code=AccCash;http://thelaund.nextmp.net/laundry-fabric-care/bags-tools/cashmere-brush
http://store.thelaundress.com/merchant.mvc?Screen=CTGY&Category_Code=AccCloth;http://thelaund.nextmp.net/laundry-fabric-care/bags-tools/upholstery-brush
http://store.thelaundress.com/merchant.mvc?Screen=CTGY&Category_Code=ironingtable;http://thelaund.nextmp.net/laundry-fabric-care/bags-tools/ironing-table
http://store.thelaundress.com/merchant.mvc?Screen=CTGY&Category_Code=retrobin;
http://store.thelaundress.com/merchant.mvc?Screen=CTGY&Category_Code=liners;
http://store.thelaundress.com/merchant.mvc?Screen=CTGY&Category_Code=steamer;http://thelaund.nextmp.net/laundry-fabric-care/bags-tools/jiffy-steamer
http://store.thelaundress.com/merchant.mvc?Screen=CTGY&Category_Code=comb;http://thelaund.nextmp.net/laundry-fabric-care/bags-tools/sweater-comb
http://store.thelaundress.com/merchant.mvc?Screen=CTGY&Category_Code=lavender;http://thelaund.nextmp.net/lavender-pouch
http://store.thelaundress.com/merchant.mvc?Screen=CTGY&Category_Code=pet;http://thelaund.nextmp.net/laundry-fabric-care/bags-tools/pet-lint-brush
http://store.thelaundress.com/merchant.mvc?Screen=CTGY&Category_Code=laundrybin;http://thelaund.nextmp.net/laundry-fabric-care/bags-tools/laundry-bin
http://store.thelaundress.com/merchant.mvc?Screen=CTGY&Category_Code=DSclassic;http://thelaund.nextmp.net/drawer-sheet-classic
http://store.thelaundress.com/merchant.mvc?Screen=CTGY&Category_Code=DSlady;http://thelaund.nextmp.net/drawer-sheets-lady
http://store.thelaundress.com/merchant.mvc?Screen=CTGY&Category_Code=DScedar;http://thelaund.nextmp.net/drawer-sheet-cedar
http://store.thelaundress.com/merchant.mvc?Screen=CTGY&Category_Code=DSbaby;http://thelaund.nextmp.net/drawer-sheet-baby
;
http://store.thelaundress.com/merchant.mvc?Screen=CTGY&Category_Code=beckel;http://thelaund.nextmp.net/laundry-fabric-care/closet-and-storage
http://store.thelaundress.com/merchant.mvc?Screen=CTGY&Category_Code=hotelLaundryBagLR;http://thelaund.nextmp.net/laundry-fabric-care/bags-tools/hotel-laundry-bag
http://store.thelaundress.com/merchant.mvc?Screen=CTGY&Category_Code=ShopperAcc;http://thelaund.nextmp.net/laundry-fabric-care/bags-tools/laundress-shopper
http://store.thelaundress.com/merchant.mvc?Screen=CTGY&Category_Code=StorageBag;http://thelaund.nextmp.net/laundry-fabric-care/bags-tools/all-purpose-storage-bag
http://store.thelaundress.com/merchant.mvc?Screen=CTGY&Category_Code=tote;http://thelaund.nextmp.net/beckel-tote
http://store.thelaundress.com/merchant.mvc?Screen=CTGY&Category_Code=bed;http://thelaund.nextmp.net/laundry-fabric-care/bags-tools/under-bed-storage
http://store.thelaundress.com/merchant.mvc?Screen=CTGY&Category_Code=cube;http://thelaund.nextmp.net/laundry-fabric-care/bags-tools/storage-cube
http://store.thelaundress.com/merchant.mvc?Screen=CTGY&Category_Code=storage;http://thelaund.nextmp.net/laundry-fabric-care/bags-tools/medium-storage-bag  http://thelaund.nextmp.net/laundry-fabric-care/bags-tools/large-storage-bag  http://thelaund.nextmp.net/laundry-fabric-care/bags-tools/xlarge-storage-bag  http://thelaund.nextmp.net/laundry-fabric-care/bags-tools/storage-bag-bundle
http://store.thelaundress.com/merchant.mvc?Screen=CTGY&Category_Code=hamper;http://thelaund.nextmp.net/laundry-fabric-care/bags-tools/mini-hamper
http://store.thelaundress.com/merchant.mvc?Screen=CTGY&Category_Code=hamper;http://thelaund.nextmp.net/laundry-fabric-care/bags-tools/mini-regular-hamper
http://store.thelaundress.com/merchant.mvc?Screen=CTGY&Category_Code=hamper;http://thelaund.nextmp.net/laundry-fabric-care/bags-tools/regular-hamper
http://store.thelaundress.com/merchant.mvc?Screen=CTGY&Category_Code=lavenders;http://thelaund.nextmp.net/laundry-fabric-care/closet-and-storage/lavender-pouch
;
http://store.thelaundress.com/merchant.mvc?Screen=CTGY&Category_Code=homeCleaning;http://thelaund.nextmp.net/for-the-home
http://store.thelaundress.com/merchant.mvc?Screen=CTGY&Category_Code=bleachAltLR;http://thelaund.nextmp.net/for-the-home/home-cleaning/bleach-alternative
http://store.thelaundress.com/merchant.mvc?Screen=CTGY&Category_Code=HCvinegar;http://thelaund.nextmp.net/for-the-home/home-cleaning/scented-vinegar
http://store.thelaundress.com/merchant.mvc?Screen=CTGY&Category_Code=HCdish;http://thelaund.nextmp.net/for-the-home/home-cleaning/dish-detergent
http://store.thelaundress.com/merchant.mvc?Screen=CTGY&Category_Code=HCglass;http://thelaund.nextmp.net/for-the-home/home-cleaning/glass-mirror-cleaner
http://store.thelaundress.com/merchant.mvc?Screen=CTGY&Category_Code=HCsurface;http://thelaund.nextmp.net/for-the-home/home-cleaning/surface-cleaner
http://store.thelaundress.com/merchant.mvc?Screen=CTGY&Category_Code=HCconcen;http://thelaund.nextmp.net/for-the-home/home-cleaning/cleaning-concentrate
http://store.thelaundress.com/merchant.mvc?Screen=CTGY&Category_Code=HCspray;http://thelaund.nextmp.net/for-the-home/home-cleaning/home-spray
http://store.thelaundress.com/merchant.mvc?Screen=CTGY&Category_Code=HCcloths;http://thelaund.nextmp.net/for-the-home/cleaning-tools/lint-free-cloths
http://store.thelaundress.com/merchant.mvc?Screen=CTGY&Category_Code=HCsoapbar;http://thelaund.nextmp.net/for-the-home/home-cleaning/kitchen-soap-bar
http://store.thelaundress.com/merchant.mvc?Screen=CTGY&Category_Code=HCscrub;http://thelaund.nextmp.net/for-the-home/cleaning-tools/scrub-brush
http://store.thelaundress.com/merchant.mvc?Screen=CTGY&Category_Code=AccGoat;http://thelaund.nextmp.net/for-the-home/cleaning-tools/goat-hair-duster
http://store.thelaundress.com/merchant.mvc?Screen=CTGY&Category_Code=AccGlass;http://thelaund.nextmp.net/for-the-home/cleaning-tools/glass-crystal-brush
http://store.thelaundress.com/merchant.mvc?Screen=CTGY&Category_Code=AccHorse;http://thelaund.nextmp.net/for-the-home/cleaning-tools/horse-hair-broom
http://store.thelaundress.com/merchant.mvc?Screen=CTGY&Category_Code=linenduster;http://thelaund.nextmp.net/for-the-home/cleaning-tools/linen-duster
http://store.thelaundress.com/merchant.mvc?Screen=CTGY&Category_Code=copper;http://thelaund.nextmp.net/for-the-home/cleaning-tools/copper-cloth
http://store.thelaundress.com/merchant.mvc?Screen=CTGY&Category_Code=smspace;http://thelaund.nextmp.net/for-the-home/cleaning-tools/duster-small-spaces
http://store.thelaundress.com/merchant.mvc?Screen=CTGY&Category_Code=feather;http://thelaund.nextmp.net/for-the-home/cleaning-tools/feather-duster
http://store.thelaundress.com/merchant.mvc?Screen=CTGY&Category_Code=dishb;http://thelaund.nextmp.net/for-the-home/cleaning-tools/dish-brush
;
http://store.thelaundress.com/merchant.mvc?Screen=CTGY&Category_Code=HomeFrag;http://thelaund.nextmp.net/for-the-home/candles
http://store.thelaundress.com/merchant.mvc?Screen=CTGY&Category_Code=cedarcandle;http://thelaund.nextmp.net/for-the-home/candles/cedar-candle
http://store.thelaundress.com/merchant.mvc?Screen=CTGY&Category_Code=247candle;http://thelaund.nextmp.net/for-the-home/candles/247-candle
http://store.thelaundress.com/merchant.mvc?Screen=CTGY&Category_Code=ladycandle;http://thelaund.nextmp.net/for-the-home/candles/lady-candle
http://store.thelaundress.com/merchant.mvc?Screen=CTGY&Category_Code=setcandle;http://thelaund.nextmp.net/for-the-home/candles/candle-set
;
http://store.thelaundress.com/merchant.mvc?Screen=CTGY&Category_Code=01-Monogram;http://thelaund.nextmp.net/laundry-fabric-care/monogram-shop
http://store.thelaundress.com/merchant.mvc?Screen=CTGY&Category_Code=hotelLaundryBagM;http://thelaund.nextmp.net/laundry-fabric-care/monogram-shop/hotel-laundry-bag
http://store.thelaundress.com/merchant.mvc?Screen=CTGY&Category_Code=MStorageBag;http://thelaund.nextmp.net/laundry-fabric-care/monogram-shop/all-purpose-storage-bag
http://store.thelaundress.com/merchant.mvc?Screen=CTGY&Category_Code=BCbed;http://thelaund.nextmp.net/laundry-fabric-care/monogram-shop/under-bed-storage
http://store.thelaundress.com/merchant.mvc?Screen=CTGY&Category_Code=BCcube;http://thelaund.nextmp.net/laundry-fabric-care/monogram-shop/storage-cube
http://store.thelaundress.com/merchant.mvc?Screen=CTGY&Category_Code=BCstorage;http://thelaund.nextmp.net/laundry-fabric-care/monogram-shop/under-bed-storage http://thelaund.nextmp.net/laundry-fabric-care/monogram-shop/large-storage-bag http://thelaund.nextmp.net/laundry-fabric-care/monogram-shop/xlarge-storage-bag http://thelaund.nextmp.net/laundry-fabric-care/monogram-shop/storage-bag-bundle
http://store.thelaundress.com/merchant.mvc?Screen=CTGY&Category_Code=BChamper;http://thelaund.nextmp.net/laundry-fabric-care/monogram-shop/mini-hamper
http://store.thelaundress.com/merchant.mvc?Screen=CTGY&Category_Code=BChamper;http://thelaund.nextmp.net/laundry-fabric-care/monogram-shop/mini-regular-hamper
http://store.thelaundress.com/merchant.mvc?Screen=CTGY&Category_Code=BChamper;http://thelaund.nextmp.net/laundry-fabric-care/monogram-shop/regular-hamper
http://store.thelaundress.com/merchant.mvc?Screen=CTGY&Category_Code=monolint;http://thelaund.nextmp.net/for-the-home/monogram-shop/lint-free-cloths
http://store.thelaundress.com/merchant.mvc?Screen=CTGY&Category_Code=monolinen;http://thelaund.nextmp.net/for-the-home/monogram-shop/white-linen-cloth
http://store.thelaundress.com/merchant.mvc?Screen=CTGY&Category_Code=bctote;http://thelaund.nextmp.net/laundry-fabric-care/monogram-shop/beckel-tote
http://store.thelaundress.com/merchant.mvc?Screen=CTGY&Category_Code=1cocktail;http://thelaund.nextmp.net/for-the-home/monogram-shop
http://store.thelaundress.com/merchant.mvc?Screen=CTGY&Category_Code=1napkin;http://thelaund.nextmp.net/for-the-home/monogram-shop
;
http://store.thelaundress.com/merchant.mvc?Screen=CTGY&Category_Code=2-FC;http://thelaund.nextmp.net/for-the-home
http://store.thelaundress.com/merchant.mvc?Screen=CTGY&Store_Code=TL&Category_Code=whitelinen;http://thelaund.nextmp.net/for-the-home/cleaning-tools/white-linen-cloth
http://store.thelaundress.com/merchant.mvc?Screen=CTGY&Store_Code=TL&Category_Code=whitegauze;http://thelaund.nextmp.net/for-the-home/cleaning-tools/white-gauze-cloth
http://store.thelaundress.com/merchant.mvc?Screen=CTGY&Category_Code=smlinen;http://thelaund.nextmp.net/white-linen-cloth
http://store.thelaundress.com/merchant.mvc?Screen=CTGY&Category_Code=dishcloth;http://thelaund.nextmp.net/for-the-home/cleaning-tools/knit-dish-cloth
http://store.thelaundress.com/merchant.mvc?Screen=CTGY&Category_Code=napkin;http://thelaund.nextmp.net/for-the-home/cleaning-tools
http://store.thelaundress.com/merchant.mvc?Screen=CTGY&Category_Code=cocktail;http://thelaund.nextmp.net/for-the-home/cleaning-tools
;
http://store.thelaundress.com/merchant.mvc?Screen=CTGY&Category_Code=6-TRAVEL;http://thelaund.nextmp.net/laundry-fabric-care/travel-trial-size
http://store.thelaundress.com/merchant.mvc?Screen=CTGY&Store_Code=TL&Category_Code=605TravelPack-Travel;http://thelaund.nextmp.net/laundry-fabric-care/travel-trial-size/travel-kit
http://store.thelaundress.com/merchant.mvc?Screen=CTGY&Category_Code=WashStainBarsTravel;http://thelaund.nextmp.net/laundry-fabric-care/travel-trial-size/wash-stain-bar
http://store.thelaundress.com/merchant.mvc?Screen=CTGY&Category_Code=onSpotTravel;http://thelaund.nextmp.net/laundry-fabric-care/travel-trial-size/on-the-spot
http://store.thelaundress.com/merchant.mvc?Screen=CTGY&Category_Code=hotelLaundryBagTravel;http://thelaund.nextmp.net/hotel-laundry-bag
http://store.thelaundress.com/merchant.mvc?Screen=CTGY&Category_Code=ShopperTravel;http://thelaund.nextmp.net/laundress-shopper
;http://thelaund.nextmp.net/laundry-fabric-care/travel-trial-size/signature-detergent-packet
;http://thelaund.nextmp.net/laundry-fabric-care/travel-trial-size/baby-detergent-packet
;http://thelaund.nextmp.net/laundry-fabric-care/travel-trial-size/delicate-wash-packet
;http://thelaund.nextmp.net/laundry-fabric-care/travel-trial-size/wool-cashmere-packet
;http://thelaund.nextmp.net/laundry-fabric-care/travel-trial-size/denim-wash-packet
;http://thelaund.nextmp.net/laundry-fabric-care/travel-trial-size/sport-detergent-packet
;http://thelaund.nextmp.net/laundry-fabric-care/travel-trial-size/stain-solution-packet
;http://thelaund.nextmp.net/laundry-fabric-care/travel-trial-size/delicate-wash-two
;http://thelaund.nextmp.net/laundry-fabric-care/travel-trial-size/wool-cashmere-two
;http://thelaund.nextmp.net/laundry-fabric-care/travel-trial-size/stain-solution-two
;http://thelaund.nextmp.net/laundry-fabric-care/travel-trial-size/fabric-fresh-classic-two
;
;
http://store.thelaundress.com/merchant.mvc?Screen=CTGY&Category_Code=50-Baby;http://thelaund.nextmp.net/laundry-fabric-care/just-for-baby
;http://thelaund.nextmp.net/laundry-fabric-care/just-for-baby/test-product
http://store.thelaundress.com/merchant.mvc?Screen=CTGY&Category_Code=160WashStainBars;http://thelaund.nextmp.net/laundry-fabric-care/just-for-baby/wash-stain-bar
http://store.thelaundress.com/merchant.mvc?Screen=CTGY&Category_Code=5001-BabyDet;http://thelaund.nextmp.net/laundry-fabric-care/just-for-baby/baby-detergent
http://store.thelaundress.com/merchant.mvc?Screen=CTGY&Category_Code=5005-BabyFabCond;http://thelaund.nextmp.net/laundry-fabric-care/just-for-baby/conditioner-baby
http://store.thelaundress.com/merchant.mvc?Screen=CTGY&Category_Code=5100-Stain;http://thelaund.nextmp.net/laundry-fabric-care/just-for-baby/stain-solution
http://store.thelaundress.com/merchant.mvc?Screen=CTGY&Category_Code=5450-BabyGiftBag;http://thelaund.nextmp.net/laundry-fabric-care/just-for-baby/baby-gift-bag
http://store.thelaundress.com/merchant.mvc?Screen=CTGY&Category_Code=305hotelLaundryBag;http://thelaund.nextmp.net/hotel-laundry-bag
http://store.thelaundress.com/merchant.mvc?Screen=CTGY&Category_Code=brushDC;http://thelaund.nextmp.net/laundry-fabric-care/just-for-baby/stain-brush
http://store.thelaundress.com/merchant.mvc?Screen=CTGY&Category_Code=bleachDC;http://thelaund.nextmp.net/laundry-fabric-care/just-for-baby/bleach-alternative
http://store.thelaundress.com/merchant.mvc?Screen=CTGY&Category_Code=baby_ff;http://thelaund.nextmp.net/laundry-fabric-care/just-for-baby/fabric-fresh-baby
http://store.thelaundress.com/merchant.mvc?Screen=CTGY&Category_Code=DSbaby2;http://thelaund.nextmp.net/drawer-sheet-baby
;
http://store.thelaundress.com/merchant.mvc?Screen=CTGY&Category_Code=5-Gifts;http://thelaund.nextmp.net/laundry-fabric-care/gifts
http://store.thelaundress.com/merchant.mvc?Screen=CTGY&Category_Code=540TravelPackGifts;http://thelaund.nextmp.net/laundry-fabric-care/gifts/travel-kit
http://store.thelaundress.com/merchant.mvc?Screen=CTGY&Category_Code=530BabyGiftBag;http://thelaund.nextmp.net/laundry-fabric-care/gifts/baby-gift-bag
http://store.thelaundress.com/merchant.mvc?Screen=CTGY&Category_Code=apresCreamGifts;http://thelaund.nextmp.net/laundry-fabric-care/gifts/apres-laundry-cream
http://store.thelaundress.com/merchant.mvc?Screen=CTGY&Category_Code=handSoapGifts;http://thelaund.nextmp.net/laundry-fabric-care/gifts/hand-soap
http://store.thelaundress.com/merchant.mvc?Screen=CTGY&Category_Code=OnSpotGift;http://thelaund.nextmp.net/laundry-fabric-care/gifts/on-the-spot
http://store.thelaundress.com/merchant.mvc?Screen=CTGY&Category_Code=soapAndCreamGifts;http://thelaund.nextmp.net/laundry-fabric-care/gifts/cream-soap-duo
http://store.thelaundress.com/merchant.mvc?Screen=CTGY&Category_Code=ShopperGifts;http://thelaund.nextmp.net/laundry-fabric-care/gifts/laundress-shopper
http://store.thelaundress.com/merchant.mvc?Screen=CTGY&Category_Code=giftduo;http://thelaund.nextmp.net/laundry-fabric-care/gifts/labo-gift-set
http://store.thelaundress.com/merchant.mvc?Screen=CTGY&Category_Code=woolgift;http://thelaund.nextmp.net/laundry-fabric-care/gifts/wool-cashmere-gift
http://store.thelaundress.com/merchant.mvc?Screen=CTGY&Category_Code=dishgift;http://thelaund.nextmp.net/for-the-home/gifts/dish-gift-bag
http://store.thelaundress.com/merchant.mvc?Screen=CTGY&Category_Code=denimgift;http://thelaund.nextmp.net/laundry-fabric-care/gifts/denim-gift-bag
http://store.thelaundress.com/merchant.mvc?Screen=CTGY&Category_Code=delicategift;http://thelaund.nextmp.net/laundry-fabric-care/gifts/delicate-gift-bag
http://store.thelaundress.com/merchant.mvc?Screen=CTGY&Category_Code=clothgift;http://thelaund.nextmp.net/laundry-fabric-care/gifts/clothing-upholstery-gift
;
http://store.thelaundress.com/merchant.mvc?Screen=CTGY&Category_Code=3-1Scents;http://thelaund.nextmp.net/for-the-home/home-fragrances
;
http://store.thelaundress.com/merchant.mvc?Screen=CTGY&Category_Code=asSeenInDailyCandy;http://thelaund.nextmp.net/blog/2013/04/11/the-laundress-daily-candy-videos-how-to-wash-your-delicates/
http://store.thelaundress.com/merchant.mvc?Screen=CTGY&Category_Code=stoneDC;http://thelaund.nextmp.net/sweater-stone
http://store.thelaundress.com/merchant.mvc?Screen=CTGY&Category_Code=delicateDC;http://thelaund.nextmp.net/delicate-wash
http://store.thelaundress.com/merchant.mvc?Screen=CTGY&Category_Code=washbarDC;http://thelaund.nextmp.net/wash-stain-bar
http://store.thelaundress.com/merchant.mvc?Screen=CTGY&Category_Code=meshDC;http://thelaund.nextmp.net/mesh-bags
http://store.thelaundress.com/merchant.mvc?Screen=CTGY&Category_Code=stainDC;http://thelaund.nextmp.net/stain-solution
http://store.thelaundress.com/merchant.mvc?Screen=CTGY&Category_Code=woolDC;http://thelaund.nextmp.net/wool-cashmere-shampoo
;
http://store.thelaundress.com/merchant.mvc?Screen=CTGY&Category_Code=0theCollection;
;
;http://thelaund.nextmp.net/laundry-fabric-care/bulk-save
;http://thelaund.nextmp.net/laundry-fabric-care/bulk-save/signature-conditioner-duo
;http://thelaund.nextmp.net/laundry-fabric-care/bulk-save/signature-detergent-bulk
;http://thelaund.nextmp.net/laundry-fabric-care/bulk-save/whites-conditioner-duo
;http://thelaund.nextmp.net/laundry-fabric-care/bulk-save/whites-detergent-bulk
;http://thelaund.nextmp.net/laundry-fabric-care/bulk-save/whites-bleach-duo
;http://thelaund.nextmp.net/laundry-fabric-care/bulk-save/bleach-alternative-bulk
;http://thelaund.nextmp.net/laundry-fabric-care/bulk-save/darks-conditioner-duo
;http://thelaund.nextmp.net/laundry-fabric-care/bulk-save/darks-detergent-bulk
;http://thelaund.nextmp.net/laundry-fabric-care/bulk-save/conditioner-classic-bulk
;http://thelaund.nextmp.net/laundry-fabric-care/bulk-save/delicatewash-spray-duo
;http://thelaund.nextmp.net/laundry-fabric-care/bulk-save/delicate-wash-bulk
;http://thelaund.nextmp.net/laundry-fabric-care/bulk-save/delicate-spray-bulk
;http://thelaund.nextmp.net/laundry-fabric-care/bulk-save/cashmereshampoo-spray-duo
;http://thelaund.nextmp.net/laundry-fabric-care/bulk-save/wool-cashmere-bulk
;http://thelaund.nextmp.net/laundry-fabric-care/bulk-save/cashmere-spray-bulk
;http://thelaund.nextmp.net/laundry-fabric-care/bulk-save/denim-classic-duo
;http://thelaund.nextmp.net/laundry-fabric-care/bulk-save/denim-wash-bulk
;http://thelaund.nextmp.net/laundry-fabric-care/bulk-save/fabric-fresh-classic-bulk
;http://thelaund.nextmp.net/laundry-fabric-care/bulk-save/sdetergent-spray-duo
;http://thelaund.nextmp.net/laundry-fabric-care/bulk-save/sport-detergent-bulk
;http://thelaund.nextmp.net/laundry-fabric-care/bulk-save/sport-spray-bulk
;http://thelaund.nextmp.net/laundry-fabric-care/bulk-save/baby-bconditioner-duo
;http://thelaund.nextmp.net/laundry-fabric-care/bulk-save/baby-detergent-bulk
;http://thelaund.nextmp.net/laundry-fabric-care/bulk-save/conditioner-baby-bulk
;http://thelaund.nextmp.net/laundry-fabric-care/bulk-save/bdetergent-fresh-duo
;http://thelaund.nextmp.net/laundry-fabric-care/bulk-save/fabric-fresh-baby-bulk
;http://thelaund.nextmp.net/laundry-fabric-care/bulk-save/signature-unscented-bulk
;http://thelaund.nextmp.net/laundry-fabric-care/bulk-save/stain-solution-bulk
;http://thelaund.nextmp.net/laundry-fabric-care/bulk-save/ironing-stiffen-duo
;http://thelaund.nextmp.net/laundry-fabric-care/bulk-save/ironing-water-bulk
;http://thelaund.nextmp.net/laundry-fabric-care/bulk-save/stiffen-up-bulk
;http://thelaund.nextmp.net/laundry-fabric-care/bulk-save/cream-soap-duo
;http://thelaund.nextmp.net/laundry-fabric-care/bulk-save/hand-soap-bulk
;http://thelaund.nextmp.net/laundry-fabric-care/bulk-save/laundry-cream-bulk
;
;http://thelaund.nextmp.net/for-the-home/bulk-save
;http://thelaund.nextmp.net/for-the-home/bulk-save/bleach-alternative-bulk
;http://thelaund.nextmp.net/for-the-home/bulk-save/vinegar-bleach-duo
;http://thelaund.nextmp.net/for-the-home/bulk-save/scented-vinegar-bulk
;http://thelaund.nextmp.net/for-the-home/bulk-save/vinegar-dish-duo
;http://thelaund.nextmp.net/for-the-home/bulk-save/dish-detergent-bulk
;http://thelaund.nextmp.net/for-the-home/bulk-save/surface-cleaner-bulk
;http://thelaund.nextmp.net/for-the-home/bulk-save/glass-cleaner-bulk
;http://thelaund.nextmp.net/for-the-home/bulk-save/concentrate-bleach-duo
;http://thelaund.nextmp.net/for-the-home/bulk-save/cleaning-concentrate-bulk
;http://thelaund.nextmp.net/for-the-home/bulk-save/home-spray-bulk
;
;http://thelaund.nextmp.net/for-the-home/cleaning-tools
;http://thelaund.nextmp.net/for-the-home/home-fragrances
;http://thelaund.nextmp.net/for-the-home/gifts
;http://thelaund.nextmp.net/for-the-home/monogram-shop
;http://thelaund.nextmp.net/for-the-home/closet-and-storage
;
http://store.thelaundress.com/merchant.mvc?Screen=CTGY&Category_Code=HolidayGifts;http://thelaund.nextmp.net/laundry-fabric-care/gifts
http://store.thelaundress.com/merchant.mvc?Screen=CTGY&Category_Code=HolGTravelPack;http://thelaund.nextmp.net/laundry-fabric-care/gifts/travel-kit
http://store.thelaundress.com/merchant.mvc?Screen=CTGY&Category_Code=OnSpotHolG;http://thelaund.nextmp.net/laundry-fabric-care/gifts/on-the-spot
http://store.thelaundress.com/merchant.mvc?Screen=CTGY&Category_Code=holgiftduo;http://thelaund.nextmp.net/laundry-fabric-care/gifts/labo-gift-set
http://store.thelaundress.com/merchant.mvc?Screen=CTGY&Category_Code=hsetcandle;http://thelaund.nextmp.net/for-the-home/gifts/candle-set
http://store.thelaundress.com/merchant.mvc?Screen=CTGY&Category_Code=hcedarcandle;http://thelaund.nextmp.net/for-the-home/gifts/cedar-candle
http://store.thelaundress.com/merchant.mvc?Screen=CTGY&Category_Code=h247candle;http://thelaund.nextmp.net/for-the-home/gifts/247-candle
http://store.thelaundress.com/merchant.mvc?Screen=CTGY&Category_Code=hladycandle;http://thelaund.nextmp.net/for-the-home/gifts/lady-candle
http://store.thelaundress.com/merchant.mvc?Screen=CTGY&Category_Code=AAClassic;
http://store.thelaundress.com/merchant.mvc?Screen=CTGY&Category_Code=AALady;
http://store.thelaundress.com/merchant.mvc?Screen=CTGY&Category_Code=AABaby;
http://store.thelaundress.com/merchant.mvc?Screen=CTGY&Category_Code=AACedar;
http://store.thelaundress.com/merchant.mvc?Screen=CTGY&Category_Code=AANo247;
http://store.thelaundress.com/merchant.mvc?Screen=CTGY&Category_Code=delicatecare;
http://store.thelaundress.com/merchant.mvc?Screen=CTGY&Category_Code=wccare;
