http://www.thelaundress.com/ThingsWeLove/1_22_13_Winter.asp;http://thelaund.nextmp.net/blog/2013/01/21/things-we-love-banish-those-winter-blues/
http://www.thelaundress.com/ThingsWeLove/1_30_13_Read.asp;http://thelaund.nextmp.net/blog/category/favorite-things/things-we-love/
http://www.thelaundress.com/ThingsWeLove/2_13_Gwen.asp;http://thelaund.nextmp.net/blog/2013/02/07/things-we-love-gwens-perfect-birthday/
http://www.thelaundress.com/ThingsWeLove/2_24_WinterToSpring.asp;http://thelaund.nextmp.net/blog/2013/02/25/things-we-love-winter-to-spring-transition/
http://www.thelaundress.com/ThingsWeLove/3_7_13_SpringFashion.asp;http://thelaund.nextmp.net/blog/2013/03/21/things-we-love-spring-must-haves-2013/
http://www.thelaundress.com/ThingsWeLove/3_25_13_SpringEntertaining.asp;http://thelaund.nextmp.net/blog/2013/03/28/things-we-love-spring-entertaining/
http://www.thelaundress.com/ThingsWeLove/4_5_13_SpringShowers.asp;http://thelaund.nextmp.net/blog/2013/04/16/things-we-love-april-showers/
http://www.thelaundress.com/ThingsWeLove/4_20_13_LRessentials.asp;http://thelaund.nextmp.net/blog/2013/06/03/things-we-love-laundry-room-essentials/
http://www.thelaundress.com/ThingsWeLove/5_5_13_MothersDay.asp;http://thelaund.nextmp.net/blog/2013/05/07/things-we-love-mothers-day/
http://www.thelaundress.com/ThingsWeLove/5_21_13_SummerSeason.asp;http://thelaund.nextmp.net/blog/2013/06/11/things-we-love-getting-ready-for-the-summer-season/
http://www.thelaundress.com/ThingsWeLove/6_7_13_Fitness.asp;http://thelaund.nextmp.net/blog/2013/07/06/things-we-love-fitness/
http://www.thelaundress.com/ThingsWeLove/6_21_13_Summer.asp;http://thelaund.nextmp.net/blog/2013/07/10/things-we-love-chic-summer-wardrobes/
http://www.thelaundress.com/ThingsWeLove/7_16_13_Summer.asp;http://thelaund.nextmp.net/blog/2013/07/22/things-we-love-gwen-lindseys-summer-picks/
http://www.thelaundress.com/ThingsWeLove/7_22_13_LindsBDAY.asp;http://thelaund.nextmp.net/blog/2013/07/23/things-we-love-lindseys-birthday/
http://www.thelaundress.com/ThingsWeLove/8_8_13_SummerEntertaining.asp;http://thelaund.nextmp.net/blog/2013/08/13/things-we-love-summer-entertaining/
http://www.thelaundress.com/ThingsWeLove/8_21_13_BackToSchool.asp;http://thelaund.nextmp.net/blog/2013/08/26/things-we-love-back-to-school/
http://www.thelaundress.com/ThingsWeLove/9_6_13_FallFashion.asp;http://thelaund.nextmp.net/blog/2013/09/10/things-we-love-fall-picks/
http://www.thelaundress.com/ThingsWeLove/9_26_13_HomeFragrance.asp;http://thelaund.nextmp.net/blog/2013/09/26/things-we-love-home-fragrance/
http://www.thelaundress.com/ThingsWeLove/10_11_13_Denim.asp;http://thelaund.nextmp.net/blog/2013/10/11/things-we-love-denim/
;
http://www.thelaundress.com/ThingsWeLove/1_12_12_Mono.asp;http://thelaund.nextmp.net/blog/2012/01/12/things-we-love-monogramming/
http://www.thelaundress.com/ThingsWeLove/1_27_12_Cashmere.asp;http://thelaund.nextmp.net/blog/2013/01/27/things-we-love-cashmere/
http://www.thelaundress.com/ThingsWeLove/2_10_12_Winter.asp;http://thelaund.nextmp.net/blog/2012/02/10/things-we-love-winter-2012/
http://www.thelaundress.com/ThingsWeLove/2_16_12_Gwen.asp;http://thelaund.nextmp.net/blog/category/favorite-things/things-we-love/
http://www.thelaundress.com/ThingsWeLove/3_15_12_SpringCleaning.asp;http://thelaund.nextmp.net/blog/2013/06/11/things-we-love-getting-ready-for-the-summer-season/
http://www.thelaundress.com/ThingsWeLove/4_2_12_Dusting.asp;http://thelaund.nextmp.net/blog/2012/04/02/things-we-love-dusting/
http://www.thelaundress.com/ThingsWeLove/4_17_12_Vinegar.asp;http://thelaund.nextmp.net/blog/2012/04/17/things-we-love-scented-vinegar/
http://www.thelaundress.com/ThingsWeLove/4_19_12_Bleach.asp;http://thelaund.nextmp.net/blog/2012/07/24/things-we-love-about-our-all-purpose-bleach-alternative/
http://www.thelaundress.com/ThingsWeLove/4_19_12_JCrew.asp;http://thelaund.nextmp.net/blog/2012/04/19/things-we-love-spring-shopping-at-j-crew/
http://www.thelaundress.com/ThingsWeLove/6_13_12_FathersDay.asp;http://thelaund.nextmp.net/blog/2012/06/15/things-we-love-for-fathers-day-2/
http://www.thelaundress.com/ThingsWeLove/7_6_12_Garden.asp;http://thelaund.nextmp.net/blog/2012/07/24/things-we-love-for-a-garden-party/
http://www.thelaundress.com/ThingsWeLove/7_27_12_Linds.asp;http://thelaund.nextmp.net/blog/2012/07/27/things-we-love-lindseys-birthday-2/
http://www.thelaundress.com/ThingsWeLove/8_10_12_Closet.asp;http://thelaund.nextmp.net/blog/2012/08/14/things-we-love-closets-storage/
http://www.thelaundress.com/ThingsWeLove/8_24_12_RI.asp;http://thelaund.nextmp.net/blog/2012/08/24/things-we-love-discover-rhode-island-with-erica/
http://www.thelaundress.com/ThingsWeLove/9_10_12_FashionFriends.asp;http://thelaund.nextmp.net/blog/2013/11/01/things-we-love-fashion-friends/
http://www.thelaundress.com/ThingsWeLove/9_21_12_Scents.asp;http://thelaund.nextmp.net/blog/2012/10/08/a-guide-to-our-scents/
http://www.thelaundress.com/ThingsWeLove/10_4_12_Acc.asp;http://thelaund.nextmp.net/blog/2010/04/12/things-we-love-storing-and-caring-for-accessories/
http://www.thelaundress.com/ThingsWeLove/10_22_12_Hal.asp;http://thelaund.nextmp.net/blog/2012/10/23/things-we-love-for-halloween/
http://www.thelaundress.com/ThingsWeLove/11_12_12_Candles.asp;http://thelaund.nextmp.net/blog/2011/12/12/things-we-love-candles/
http://www.thelaundress.com/ThingsWeLove/11_21_12_Gifts.asp;http://thelaund.nextmp.net/blog/2012/12/13/things-we-love-gifts-for-him-her/
http://www.thelaundress.com/ThingsWeLove/11_30_12_12DaysXmas.asp;http://thelaund.nextmp.net/blog/2012/12/05/things-we-love-the-twelve-days-of-christmas/
http://www.thelaundress.com/ThingsWeLove/12_11_12_LastMin.asp;http://thelaund.nextmp.net/blog/2012/12/14/things-we-love-last-minute-gifts/
http://www.thelaundress.com/ThingsWeLove/12_31_12_Clean.asp;http://thelaund.nextmp.net/blog/2012/12/31/things-we-love-new-years-cleaning-resolution/
;
http://www.thelaundress.com/ThingsWeLove/1_20_2011_Baby.asp;http://thelaund.nextmp.net/blog/2011/10/12/83/
http://www.thelaundress.com/ThingsWeLove/2_3_2011_Tools.asp;http://thelaund.nextmp.net/blog/2011/02/04/check-out/
http://www.thelaundress.com/ThingsWeLove/2_14_2011_Gwen.asp;http://thelaund.nextmp.net/blog/category/favorite-things/things-we-love/
http://www.thelaundress.com/ThingsWeLove/2_24_2011_Winter.asp;http://thelaund.nextmp.net/blog/category/favorite-things/things-we-love/
http://www.thelaundress.com/ThingsWeLove/3_10_2011_Chicago.asp;http://thelaund.nextmp.net/blog/category/favorite-things/things-we-love/
http://www.thelaundress.com/ThingsWeLove/4_1_2011_Beckel.asp;http://thelaund.nextmp.net/blog/category/favorite-things/things-we-love/
http://www.thelaundress.com/ThingsWeLove/4_18_2011_Newborns.asp;http://thelaund.nextmp.net/blog/category/favorite-things/things-we-love/
http://www.thelaundress.com/ThingsWeLove/5_5_2011_Resources.asp;http://thelaund.nextmp.net/blog/category/favorite-things/things-we-love/
http://www.thelaundress.com/ThingsWeLove/5_27_2011_Whites.asp;http://thelaund.nextmp.net/blog/category/favorite-things/things-we-love/
http://www.thelaundress.com/ThingsWeLove/6_17_2011_Swim.asp;http://thelaund.nextmp.net/blog/2012/07/25/things-we-love-for-summer-beach-tote-essentials-2/
http://www.thelaundress.com/ThingsWeLove/7_8_2011_NYCSummer.asp;http://thelaund.nextmp.net/blog/category/favorite-things/things-we-love/
http://www.thelaundress.com/ThingsWeLove/7_25_2011_Lindsey.asp;http://thelaund.nextmp.net/blog/category/favorite-things/things-we-love/
http://www.thelaundress.com/ThingsWeLove/8_8_2011_LRessentials.asp;http://thelaund.nextmp.net/blog/2013/06/03/things-we-love-laundry-room-essentials/
http://www.thelaundress.com/ThingsWeLove/8_27_2011_Provence.asp;http://thelaund.nextmp.net/blog/2011/08/27/things-we-love-tour-the-south-of-france-with-gwen/
http://www.thelaundress.com/ThingsWeLove/9_2_2011_USA.asp;http://thelaund.nextmp.net/blog/category/favorite-things/things-we-love/
http://www.thelaundress.com/ThingsWeLove/9_12_11_NYCFashion.asp;http://thelaund.nextmp.net/blog/category/favorite-things/things-we-love/
http://www.thelaundress.com/ThingsWeLove/10_5_11_FallCare.asp;http://thelaund.nextmp.net/blog/category/favorite-things/things-we-love/
http://www.thelaundress.com/ThingsWeLove/10_21_11_Florence.asp;http://thelaund.nextmp.net/blog/category/favorite-things/things-we-love/
http://www.thelaundress.com/ThingsWeLove/11_10_11_Fog.asp;http://thelaund.nextmp.net/blog/2011/11/15/the-laundress-and-fog-linen/
http://www.thelaundress.com/ThingsWeLove/12_8_11_Under25.asp;http://thelaund.nextmp.net/blog/2012/12/14/things-we-love-last-minute-gifts/
http://www.thelaundress.com/ThingsWeLove/12_20_11_HolidayGifts.asp;http://thelaund.nextmp.net/blog/2012/12/14/things-we-love-last-minute-gifts/
;
http://www.thelaundress.com/ThingsWeLove/1_7_10_GreenNY.asp;http://thelaund.nextmp.net/blog/category/favorite-things/things-we-love/
http://www.thelaundress.com/ThingsWeLove/1_29_10_Movies09.asp;http://thelaund.nextmp.net/blog/category/favorite-things/things-we-love/
http://www.thelaundress.com/ThingsWeLove/2_4_10_Gwen.asp;http://thelaund.nextmp.net/blog/category/favorite-things/things-we-love/
http://www.thelaundress.com/ThingsWeLove/2_17_10_Ski.asp;http://thelaund.nextmp.net/blog/category/favorite-things/things-we-love/
http://www.thelaundress.com/ThingsWeLove/4_10_10_GreenCleaning.asp;http://thelaund.nextmp.net/blog/category/favorite-things/things-we-love/
http://www.thelaundress.com/ (wrong link?);http://thelaund.nextmp.net/blog/category/favorite-things/things-we-love/
http://www.thelaundress.com/ThingsWeLove/5_14_10_Wedding.asp;http://thelaund.nextmp.net/blog/category/favorite-things/things-we-love/
http://www.thelaundress.com/ThingsWeLove/6_1_10_Baby.asp;http://thelaund.nextmp.net/blog/category/favorite-things/things-we-love/
http://www.thelaundress.com/ThingsWeLove/6_24_10_Summer.asp;http://thelaund.nextmp.net/blog/category/favorite-things/things-we-love/
http://www.thelaundress.com/ThingsWeLove/7_2_10_BBQ.asp;http://thelaund.nextmp.net/blog/category/favorite-things/things-we-love/
http://www.thelaundress.com/ThingsWeLove/7_15_2010_LW.asp;http://thelaund.nextmp.net/blog/category/favorite-things/things-we-love/
http://www.thelaundress.com/ThingsWeLove/8_5_10_Gardening.asp;http://thelaund.nextmp.net/blog/category/favorite-things/things-we-love/
http://www.thelaundress.com/ThingsWeLove/8_23_2010_Kitchen.asp;http://thelaund.nextmp.net/blog/category/favorite-things/things-we-love/
http://www.thelaundress.com/ThingsWeLove/9_2_2010_School.asp;http://thelaund.nextmp.net/blog/category/favorite-things/things-we-love/
http://www.thelaundress.com/ThingsWeLove/9_16_2010_FallFashion.asp;http://thelaund.nextmp.net/blog/2008/09/19/2212/
http://www.thelaundress.com/ThingsWeLove/10_1_2010FoodWine.asp;http://thelaund.nextmp.net/blog/category/favorite-things/things-we-love/
http://www.thelaundress.com/ThingsWeLove/10_15_2010_Ironing.asp;http://thelaund.nextmp.net/blog/category/favorite-things/things-we-love/
http://www.thelaundress.com/ThingsWeLove/10_28_2010_Tokyo.asp;http://thelaund.nextmp.net/blog/category/favorite-things/things-we-love/
http://www.thelaundress.com/ThingsWeLove/11_17_2010_Thanksgiving.asp;http://thelaund.nextmp.net/blog/category/favorite-things/things-we-love/
http://www.thelaundress.com/ThingsWeLove/12_3_2010_12DaysXmas.asp;http://thelaund.nextmp.net/blog/category/favorite-things/things-we-love/
http://www.thelaundress.com/ThingsWeLove/12_24_2010_NewYears.asp;http://thelaund.nextmp.net/blog/category/favorite-things/things-we-love/
;
http://www.thelaundress.com/ThingsWeLove/1_09_Japan.asp;http://thelaund.nextmp.net/blog/category/favorite-things/things-we-love/
http://www.thelaundress.com/ThingsWeLove/4_10_EarthDay.asp;http://thelaund.nextmp.net/blog/category/favorite-things/things-we-love/
http://www.thelaundress.com/ThingsWeLove/6_09_Tips.asp;http://thelaund.nextmp.net/blog/category/favorite-things/things-we-love/
http://www.thelaundress.com/ThingsWeLove/8_28_School.asp;http://thelaund.nextmp.net/blog/category/favorite-things/things-we-love/
http://www.thelaundress.com/ThingsWeLove/11_4_09_NYC.asp;http://thelaund.nextmp.net/blog/category/favorite-things/things-we-love/
http://www.thelaundress.com/ThingsWeLove/2_09_GwenBDay.asp;http://thelaund.nextmp.net/blog/category/favorite-things/things-we-love/
http://www.thelaundress.com/ThingsWeLove/4_24_BuenosAires.asp;http://thelaund.nextmp.net/blog/category/favorite-things/things-we-love/
http://www.thelaundress.com/ThingsWeLove/6_20_London.asp;http://thelaund.nextmp.net/blog/category/favorite-things/things-we-love/
http://www.thelaundress.com/ThingsWeLove/9_24_Chanel.asp;http://thelaund.nextmp.net/blog/category/favorite-things/things-we-love/
http://www.thelaundress.com/ThingsWeLove/11_20_09_HolidayEntertaining.asp;http://thelaund.nextmp.net/blog/category/favorite-things/things-we-love/
http://www.thelaundress.com/ThingsWeLove/2_09_BringingItHome.asp;http://thelaund.nextmp.net/blog/category/favorite-things/things-we-love/
http://www.thelaundress.com/ThingsWeLove/5_1_LindseyWedding.asp;http://thelaund.nextmp.net/blog/category/favorite-things/things-we-love/
http://www.thelaundress.com/ThingsWeLove/7_17_09_Sports.asp;http://thelaund.nextmp.net/blog/category/favorite-things/things-we-love/
http://www.thelaundress.com/ThingsWeLove/10_2_fallfashion.asp;http://thelaund.nextmp.net/blog/category/favorite-things/things-we-love/
http://www.thelaundress.com/ThingsWeLove/12_2_09_Gifts.asp;http://thelaund.nextmp.net/blog/category/favorite-things/things-we-love/
http://www.thelaundress.com/ThingsWeLove/3_26_5Year.asp;http://thelaund.nextmp.net/blog/category/favorite-things/things-we-love/
http://www.thelaundress.com/ThingsWeLove/5_23_MemorialDay.asp;http://thelaund.nextmp.net/blog/category/favorite-things/things-we-love/
http://www.thelaundress.com/ (faulty link);http://thelaund.nextmp.net/blog/category/favorite-things/things-we-love/
http://www.thelaundress.com/ThingsWeLove/10_21_Laundry.asp;http://thelaund.nextmp.net/blog/category/favorite-things/things-we-love/
http://www.thelaundress.com/ThingsWeLove/12_9_09StockingStuffers.asp;http://thelaund.nextmp.net/blog/category/favorite-things/things-we-love/
;
http://www.thelaundress.com/ThingsWeLove/indexParis.asp;http://thelaund.nextmp.net/blog/category/favorite-things/things-we-love/
http://www.thelaundress.com/ThingsWeLove/indexFathersDay08.asp;http://thelaund.nextmp.net/blog/category/favorite-things/things-we-love/
http://www.thelaundress.com/ThingsWeLove/indexFallFashion08.asp;http://thelaund.nextmp.net/blog/category/favorite-things/things-we-love/
http://www.thelaundress.com/ThingsWeLove/indexHoliday08.asp;http://thelaund.nextmp.net/blog/category/favorite-things/things-we-love/
http://www.thelaundress.com/ThingsWeLove/indexVal2008.asp;http://thelaund.nextmp.net/blog/category/favorite-things/things-we-love/
http://www.thelaundress.com/ThingsWeLove/indexEarthDay08.asp;http://thelaund.nextmp.net/blog/category/favorite-things/things-we-love/
http://www.thelaundress.com/ThingsWeLove/indexLaurenBDay.asp;http://thelaund.nextmp.net/blog/category/favorite-things/things-we-love/
http://www.thelaundress.com/ThingsWeLove/indexNYC08.asp;http://thelaund.nextmp.net/blog/category/favorite-things/things-we-love/
http://www.thelaundress.com/ThingsWeLove/indexStockingStuffers08.asp;http://thelaund.nextmp.net/blog/category/favorite-things/things-we-love/
http://www.thelaundress.com/ThingsWeLove/indexGwenBDay08.asp;http://thelaund.nextmp.net/blog/category/favorite-things/things-we-love/
http://www.thelaundress.com/ThingsWeLove/indexMothersDay08.asp;http://thelaund.nextmp.net/blog/category/favorite-things/things-we-love/
http://www.thelaundress.com/ThingsWeLove/indexLindseyBDay.asp;http://thelaund.nextmp.net/blog/category/favorite-things/things-we-love/
http://www.thelaundress.com/ThingsWeLove/indexHalloween08.asp;http://thelaund.nextmp.net/blog/category/favorite-things/things-we-love/
http://www.thelaundress.com/ThingsWeLove/12_08_NewYears.asp;http://thelaund.nextmp.net/blog/category/favorite-things/things-we-love/
http://www.thelaundress.com/ThingsWeLove/indexSpringCleaning08.asp;http://thelaund.nextmp.net/blog/category/favorite-things/things-we-love/
http://www.thelaundress.com/ThingsWeLove/indexSummer08.asp;http://thelaund.nextmp.net/blog/category/favorite-things/things-we-love/
http://www.thelaundress.com/ThingsWeLove/indexThanksgiving08.asp;http://thelaund.nextmp.net/blog/category/favorite-things/things-we-love/
;
http://www.thelaundress.com/ThingsWeLove/indexWhites.asp;http://thelaund.nextmp.net/blog/category/favorite-things/things-we-love/
http://www.thelaundress.com/ThingsWeLove/indexMen.asp;http://thelaund.nextmp.net/blog/category/favorite-things/things-we-love/
http://www.thelaundress.com/ThingsWeLove/indexOctober.asp;http://thelaund.nextmp.net/blog/category/favorite-things/things-we-love/
http://www.thelaundress.com/ThingsWeLove/indexMonogram.asp;http://thelaund.nextmp.net/blog/category/favorite-things/things-we-love/
http://www.thelaundress.com/ThingsWeLove/indexNewYears08.asp;http://thelaund.nextmp.net/blog/category/favorite-things/things-we-love/
http://www.thelaundress.com/ThingsWeLove/indexBeach.asp;http://thelaund.nextmp.net/blog/category/favorite-things/things-we-love/
http://www.thelaundress.com/ThingsWeLove/indexFall.asp;http://thelaund.nextmp.net/blog/category/favorite-things/things-we-love/
http://www.thelaundress.com/ThingsWeLove/indexCashmere.asp;http://thelaund.nextmp.net/blog/category/favorite-things/things-we-love/
http://www.thelaundress.com/ThingsWeLove/indexGifts07.asp;http://thelaund.nextmp.net/blog/category/favorite-things/things-we-love/
